variable,count,mean,std,min,25%,50%,75%,max,original
dummy1,1000.0,0.00024081105511308704,0.01212066721182457,-0.0400246082343187,-0.0077442178090831254,0.00061497200376685,0.008661219815417825,0.0387904895711894,-0.0150763135371843
dummy2,1000.0,-0.00017370229867132015,0.010175619552229882,-0.0328808802917848,-0.0073704729195727,0.00016015979342395002,0.006746951132399175,0.0322245487265004,0.0085177697411893
x1,1000.0,-0.0047903730303824905,3.044642048517165,-8.610670200062664,-2.0360999683464924,0.1712806800231767,1.8486443474257515,28.20474047602352,28.20474047602352
x2,1000.0,0.0207411256687314,8.09516887570098,-20.593420746624748,-5.303697954878143,-0.09881695452627945,5.215437501683677,75.05034269613391,75.05034269613391
x3,1000.0,-0.02890935806355978,1.9197473762260115,-6.453651487367971,-1.2950911952366482,-0.024545328286592352,1.2389490344257772,17.754636408729144,17.754636408729144
