variable,count,mean,std,min,25%,50%,75%,max,original
dummy1,1000.0,-6.904267302376657e-05,0.010500218396142607,-0.0356490534866864,-0.00699654715616345,-1.199941992480191e-05,0.006686336880655325,0.032762382427272,-0.0024605269110928
dummy2,1000.0,0.0005458280391229376,0.011012488181275745,-0.0362825373322479,-0.0068206260598975,0.0005797115058161001,0.00827045590945015,0.0372939608433569,0.0002842352492677
x1,1000.0,0.1525774763478389,2.979439571187476,-8.678667793546305,-1.8084959237053682,0.1348562262023467,1.9824823404050445,28.204752916563173,28.204752916563173
x2,1000.0,-0.09187916048707812,8.042879742370014,-20.88947539426947,-5.632700131253493,-0.4913949453517876,5.164348007823516,75.05115329678604,75.05115329678604
x3,1000.0,0.09352949623418512,1.9583286778080202,-5.146475446914449,-1.2399185374316408,-0.03174516510905785,1.3296126597792741,17.75455898540546,17.75455898540546
