variable,count,mean,std,min,25%,50%,75%,max,original
dummy1,1000.0,-0.00014152594867848927,0.008933847112596477,-0.0255521789795043,-0.005969806442317675,-0.0002032079122251,0.0059741545267364,0.0349917855858912,-0.003687142984285
dummy2,1000.0,-4.666360148534671e-05,0.010358278600702216,-0.0403726505620021,-0.007028922044200124,3.774913423626458e-06,0.0065332641218089505,0.0306889370150713,-0.0058162872294431
x1,1000.0,-0.03947244060898234,2.9250628469982782,-7.814232940298073,-1.865676064965803,-0.1751074848924431,1.8607224560923266,28.203698974591617,28.203698974591617
x2,1000.0,0.05242447722168038,8.19403673580278,-26.819176637947884,-5.727437321584282,0.0195658689933131,5.42265480789594,75.05061144291324,75.05061144291324
x3,1000.0,0.09504753476796796,1.796411551666092,-5.852675413276288,-1.0548861960453022,0.08492731703921835,1.171169321447881,17.75328141558773,17.75328141558773
